,Unnamed: 0,date,context
0,0,1851-05-03-seq-1.txt,"ity. Spite of liis nwful greenness, Flufkins ! was an observant cliap, anxious to look about the world, and. to use his own words, be "
1,1,1851-05-03-seq-1.txt,"of raising her head to remove the intrusion (unrung for) of her servants, her eye rested on the form of her late husband; she screamed "
2,2,1851-05-03-seq-1.txt,"however, considered it advisable her maid servant should repose in her chamber lest any return of what she had determined to "
3,3,1858-02-25-seq-4.txt,"& were introduced first, enteritis at the door c,=: nearest the Emperor. Two servants spread out the train of each lad}', so as to display ^ia "
4,4,1855-03-29-seq-2.txt,"I remain, with respect, your cbodicnt servant. ALFRED G. RRAY. "
5,5,1855-03-29-seq-2.txt,^ioso o^jcct ia t^e alKluctioa jpf.^olored servants travejifiig nre susppotpd toJ*e 
6,6,1859-07-21-seq-4.txt,"would have luss need of scolding. If you often charge servants with lying, they will soon become liars, if they are not "
7,7,1863-07-03-seq-2.txt,captured in Curwyu's raid in' Alauna. 'Two servant* were taken with ii.;r m:i*ter.-?. TIij IIui.tsviHe Confederate 
8,8,1861-01-18-seq-1.txt,"TllfiV cannot <4/)ncAnf InnrtAr-lA Artwa rt^AUB to a man-servant or mai^s^^ant, whilst the^, thenwcU*s haver'm&ters iij ^V^^JL'hqsettB, "
9,9,1858-01-21-seq-3.txt,"double width lioston Flannels; heavy red Flan- |,n8 j, nels for servants; a large supply of ladies Cor 0f sett*, and Cruvelli Skills, of the most approved "
10,10,1856-01-31-seq-2.txt,j owner was equally anxious m protect and ; spare the marital tie of a v.-ieran servant. The bargain was soon settled between the 
11,11,1861-09-06-seq-2.txt,"vestige of freedom, nnd'she would reduce us lo even a worse couditicn?""the servant of ser vants-"" Sad mistake! We still cherish the' "
12,12,1857-10-15-seq-4.txt,"j. uiitv me iiuiiui 10 remain, very rcspesirully, your obedient servant. J. HAMILTON. "
13,13,1857-10-15-seq-4.txt,"was returning to his camp, from this place, horse, his servant (a strapping negro man,) v riding, took fright and threw the rider. 1 "
14,14,1857-04-16-seq-4.txt,"Tho mania has extended ovon to tho kitchen, and the servants are now following tho example of their bettors, and getting "
15,15,1863-12-04-seq-4.txt,"sell at Abbeville CJoftrt House, on Sale Day \ * next, the womm servant VENUS, nod hep - , ' daughter. Venu3 i? an excellent cook, ' "" ? JTHOS. "
16,16,1859-06-02-seq-4.txt,"his in:v?*r licfii out of onlcr. .m y will- has lliciilty in instrmiiin^ n servant. in tlio use I inn fully p'-rcuii'lf""! lluil un inv<*iiti<>ii "
17,17,1863-08-07-seq-2.txt,"t | lots in a city, town or village. Q. All ' a j servants not engaged in ngricuhuro j < "" j whether in towus aid cities or in the j < "
18,18,1863-08-07-seq-2.txt,""" j whether in towus aid cities or in the j < 11 country, (such r<s house servants,) will be ! >f i estimated at a fair' hire, and tafcod. 7. j1 "
19,19,1857-07-02-seq-4.txt,"motion of tho sea, went to rest; but his servants, according to tho superstition of tlio times, being disturbed with prodigies "
20,20,1858-02-04-seq-2.txt,"liui up at the window, that the people may see this !. pally lino looking baby. Two liveried servants . a horseback precede the carriage about two "" "
21,21,1858-02-04-seq-2.txt,"Immediately in front of ih* loading cariage horse i? auollier tnotinlcd servant, the two d liters are seated in tho r?ar. At the side of the "" "
22,22,1857-11-12-seq-4.txt,"not the most mild or philanthropic, nml llint they often treat thuir own servants and operatives worse than slaves aro treated "
23,23,1857-11-12-seq-4.txt,"upon Canaan, saying, ""Cursed bo Canaan, a servant of servants shall bo unto his brethren,"" (Gen. ix. 25,) and the 2Glli "
24,24,1861-05-24-seq-1.txt,bedding arid keejj off moisture.'' Atjfeajt two servants to a mess of foq^ Articles for a^ojiess of four. . 
25,25,1861-04-26-seq-2.txt,"I nnu, sir, very reapeulfti.ty, your obedient servant,** .G. T. UkaliikcJ\no. Brig. Gen.'Conijiianding. "
26,26,1861-04-26-seq-2.txt,"""1 remain, general, very reapectfnlly, your obedient servant, Robkht AKdemok, Major IT. S. Army, Commanding. "
27,27,1856-11-20-seq-1.txt,"und estate. 3. (Jive yourself, your children, your servant?give all who arc under you the fullest j "
28,28,1857-04-09-seq-1.txt,"instantly at her side, the most eager, the most patient, the most delicate of servants. She has only to express a wish to go to "
29,29,1857-04-09-seq-1.txt,"...... .uwv, IUIU. 1UCII who would bo civil to even a strange servant, if a woman, think it quite natural tu "
30,30,1858-03-11-seq-2.txt,"1 am, very truly, your friend., and obedient servant, iami:s r.. or "
31,31,1863-07-10-seq-1.txt,"? ! eirele of friends nnd relatives n tiuo friend, hi? ' servants a kimlg^nMev, I Ik- poor one of ll??ir~"" ' : iiio>1 liberal heniefaeloi s, it ml the ehurch nl "
32,32,1854-11-23-seq-2.txt,"x< wa am assured, some sort of 4under' the'upper1 servants, at their mcalsl ~Tiins we^dg^ltl as a first-rate joke?in its.way. "
33,33,1856-11-13-seq-2.txt,"any way you may think proper, if it will benefit tho afflicted. Your obedient servant, JUSEI'II ROBINSON"". "
34,34,1858-01-28-seq-3.txt,"oublc width Boston Flannels; heavy red Finnels for servants; a large supply of ladies Cor tt?, and Crnvelli Skirts, of the most approved "
35,35,1858-04-01-seq-2.txt,"the Norfolk Argus, n gentleman and one of his servants, a stalwart negro, went fishing for rork. on the Hay shore, hIioui ten miles from Norfolk. "
36,36,1863-12-04-seq-3.txt,"sgll at Abbeville Court Houso, on SaU Day next, the woman servant VENUS, and hee daughter. Venus is an exoellebt cook. < c "
37,37,1857-07-09-seq-2.txt,"iae one. Yet I do not despair. Your obedient servant, , D. R. ATCHISON. , "
38,38,1857-04-16-seq-2.txt,"i | A negro, George, seemed to he the chief of r his servants, and acted as his master's body ser. ^ ; vant. The master s<-cmcd to be directed by the "
39,39,1861-07-12-seq-1.txt,"glance ?l inySelf and horse, I said cooly. ! 'Sorius. yon are a good servant?I will lie j nt honi'n at midnight., I g>ive him a coin, "
40,40,1865-09-21-seq-1.txt,"lo the comfort of lue goest*. The propria tor i* polite and accomraodnting, -the servants attentive, and the. fare a:l that one "
41,41,1854-01-12-seq-1.txt,"After some conversation it ; '""{i ?y the servant to adopt his nhaPterV habit* J n/l ? >1.. I.; -? sMm- - - "
42,42,1854-01-12-seq-1.txt,"t that moment. Disguised m'Jiio i>rofc?r-:'i * or, the servant met the king,4nii$:told hiffo/*\' ~ e was ready to answer his -jUT "
43,43,1856-03-06-seq-1.txt,"kitchen fire-place, for tiie deacon had now ?io servant or helper, and in tlio gray winter of his life, the whole burtlion of inana "
44,44,1857-04-02-seq-1.txt,"ged and the known cause of mj many te] den, is the fact that servants command icli enormous prices. If there was the "
45,45,1853-04-14-seq-1.txt,"you a proof of their excellence.' n lie then called his servant, and ordered t him to throw somethincr into the air. The i "
46,46,1857-05-21-seq-1.txt,"At the boarding house where Have nnd his friend ""put up,"" aro a number of servant girls, nnd it is an idiosyncracy of servant "
48,48,1857-05-21-seq-1.txt,"costly hair oil wouldn't last a week, and that all the servant girls in the house emitted the saino perfume they did. It was "
49,49,1857-05-21-seq-1.txt,"people of the house had gone, two or three servant girls came ir.to Davio's room. "" Whisht, Molly,"" says a large red head...1 "
50,50,1857-05-21-seq-1.txt,"; fprnied by the mistrefts that she didnotd#I aire to employ' bald-bonded servant girls, and with their*wdii?tw""they departed In almost "
51,51,1857-06-18-seq-2.txt,"Field, Abbeville, 6*. C. His faithful old body i servant drove him to a huge tree, front which ' be was accustomed to watch the evolutions of ' "
52,52,1859-04-21-seq-3.txt,and has never been out of order. My wife has no difficulty in instructing a servant in the use of it. I am fully persuaded that iiu invention 
53,53,1858-04-15-seq-1.txt,"them. The others were evidently thoso of confidential servants; old women, for they . - ^ had gray hair. They possibly had been "
54,54,1857-11-26-seq-1.txt,"\ house, where you and your neighbors, with your servant*, can worship tlio sam? 3od. Do not, I beseech you, send off your "
55,55,1857-12-03-seq-3.txt,"onblc""width'Barton Flannels; heavy'Yed FYrfn- Purc els for servants; a largo supply of lndiQtj?br .. ?tts, niiil Cruvclli Skirls, oftlie most approved "
56,56,1856-07-24-seq-1.txt,"or the one boy wlio.-o father send.a carriage and livery servant to fetch him home at the vacation. If then, a carriage "
57,57,1856-07-24-seq-1.txt,"a good wagon road. "" In company with two observant gentle- | men, and also a geological friend, ""o have j "
58,58,1857-04-02-seq-3.txt,hooii uh doors tiro open. Whole tiokuts $3.00 ; children uml servants half price. The best order < uiul decorum preserved. 
59,59,1858-01-07-seq-1.txt,"i the window scat, my oldest daughter in e fireplace, and the servant girl on. the ood pile, while our beds were occupied by "
60,60,1858-01-07-seq-1.txt,"en before, brought four children and a ggor servant, and never weut back to the ly till we diil ourselves. "
61,61,1857-05-14-seq-2.txt,"he adduced before you. She said to her servant, "" Ilannah, who is that lady ??she is going to take the "
62,62,1857-05-14-seq-2.txt,"ishmcnt. To the observant of nature as il stands reveu ed to otir senses and perceptive faculties, til "
63,63,1858-05-13-seq-4.txt,"waste, or lecture upon neatness, cleanliness, and order. The servants get to learn that "" missis is never in time!"" and laugh at "
64,64,1858-05-13-seq-4.txt,"if those are deficient in the mistress, it is idle to expect them from servants or children, or any members^of the family circle. "
65,65,1857-05-07-seq-4.txt,"! j less, direct or indirect; one mind colors anI other; a child acts upou children; servants ' ' upon their fellow servants: masters on "
67,67,1858-05-13-seq-3.txt,"( 1 also have a first rate man Cook, and llotts * servant, who I would either sell or hire on rea suitable terms. For further paitieuhirs appl; "
68,68,1859-05-05-seq-4.txt,; iiinl li i* never tu-i-ii i.nt of oriler My wife hap jiHvniiot ! no illtli<-i111y in uisinifiinji ? servant iii the use ; tof j of it I am fuly p.-rsiimliMl that iio invention ' ~ 
69,69,1861-05-17-seq-1.txt,"I remain, sir, very respec fully, Your obedient servant, G. T. BEAtfHEGARD, "
70,70,1861-05-17-seq-1.txt,"Very respectfully, Your obedient servant, G. T HEAUREGAIID, "
71,71,1865-11-03-seq-3.txt,"Intelligence OlHtve yvlierc persona wishing It hire servants, can. obtain information wlticl ...:n .-i. -i ;? r .> - "
72,72,1856-06-19-seq-3.txt,"a reruarkuble cure in the persou ol' a servant man, afflicted with Scrofula in the very worst form. So bud had he becBme, lhat his "
73,73,1856-10-30-seq-1.txt,"goodness, extend to your most obsequious, devoted, and very humble servant, that pair of ignipoteflt digests, in order that ... "" > "
74,74,1858-02-04-seq-4.txt,"saw proper to retire at that hour, leaning on the arm of of his man servant, there was no diminution of hospitality. Ti.ey were visited "
75,75,1861-01-18-seq-4.txt,"and estate, ^ird. Give yoursgjf, yoji children, your ""servants?give nil un3er you the fullest amount of sleep the "
76,76,1865-11-17-seq-2.txt,"""VY.ith great respect, I have the honor tc bo, your faithful-servant, JOHN L. MANNING, \ "
77,77,1859-09-29-seq-4.txt,"dinner, leu ami supper. The two dollars and a half include all charges for servants, and every charge whatever thai can "
78,78,1859-09-29-seq-4.txt,"have bei ii in constant fear of being dashei to peiccs, by the carelessness of servants o ihe forgc-tlnlnoss of friends. I'ope, ii "
79,79,1859-02-10-seq-1.txt,"Tin,' tahl- g'iltejed with silver plate. (.111' Uoedient servants I?r ??1 _111 on tin: m<?t . |,u coolly set vers, delie;icies Midi as 1 liad never "
80,80,1859-02-10-seq-1.txt,"Wine catne. He drank fteely. Soon he ' j;,,. sent the little girl and servants fi<>nt the room, and seemed .striving to nerve himself ^y "
81,81,1859-02-10-seq-1.txt,"\. 'gentleman swd at t*blj? that lie fished i could- manage without servants, ** they I fa mo^'plrtgue than profit. I "
82,82,1861-06-28-seq-2.txt,". sitiea. each mess of Lhe Secession Guards had t a servant who was quickly dispatched to boi baeon and fill our ""thaoky bags* wl^i orack "
83,83,1861-02-08-seq-2.txt,"ate, ha could not see the Preaid?nt, but h*d hi nMd it in Uie,b?nda?f his servant, to be de- bi tiw?d at the earliest opportunity. The reply M "
84,84,1859-07-21-seq-1.txt,"landed at Haggin's door, rang tlie bell, and the servant came and told me that lliggias had been away a week, and was not "
85,85,1859-07-21-seq-1.txt,"""But,"" says T, ""I have a note from him."" replied the black servant Jfl "" girl, "
86,86,1859-09-15-seq-2.txt,"the rights, piivileges and imniuititie* of freemen. As your trustee nud servant., I will not do so sit Hie I lidding of squatter sovereignty, milionul democracy "
87,87,1858-01-14-seq-2.txt,"mass from forgetting the existence and ipulity f e their whilomc public servant?, and to i/ake . it public exhibition of their adriotucss in 11/ use ? "
88,88,1858-05-06-seq-1.txt,"it is hotter to exercise your ill humor on your dog, or eal, or your servant, than on your friend. "
89,89,1858-01-28-seq-4.txt,"whisper of ""well done! good and faithfnl j servant."" Self eulogy will dim the briglit! c?l casket in which a soul ever Iodtrcd, even "
90,90,1861-11-08-seq-2.txt,"dering the postponement of.the funeral, :-sent his servant on horseback for a doctor, ~ "" "
91,91,1859-09-08-seq-1.txt,"equeathed to Washington horse and j.u,, olsters, and b? faithfnl body servant Bisli. |(j, p, whom he had bouglit in Virgiunia. ^ "
92,92,1853-04-21-seq-2.txt,"Bonner, you would say ""well dono thou J good and faithful servant."" Our Exchanges. "
93,93,1857-10-01-seq-4.txt,"O'Flynn, and about ten o'clock when the 11 servant came in he found us on the floor."" s ""Sure now, and it was'nt the a'traction of ^ "
94,94,1859-08-04-seq-2.txt,"Saracens in Sicily ami Spain. In Kn^hmd, the Antrio J*nxon noliiliiy sold their servants as slaves to torcigm-is. The I\ntti?nese fust imported "
95,95,1858-05-13-seq-1.txt,"sleek negro, in partial livery, ami evidently j a lionse or bod}* servant; three were boat- j men and borderers, as indicated by their j "
96,96,1858-05-13-seq-1.txt,"man and four females, with a black female servant following some live or six paces in the rear, there was one whom the "
97,97,1858-05-13-seq-1.txt,"nissiou also extending to the escorting of lie beautiful heiress, with her servants, to s, ir-r now I.iiiiia 'I'l.ja l..~? - ill "
98,98,1857-10-29-seq-1.txt,"actually di-covered the truant, kissing and hugging the servant girl. Broadbrim was not long in discovering the face of hi wife, "
99,99,1860-12-07-seq-2.txt,"article in the last DelJow;) and just as it ever will be, if"" we treat our servants as God's Word requires 119 to treat them. Seeing cockodftB "
100,100,1865-11-24-seq-3.txt,"Intelligence Oftice whera-persona wishing to .hire .servants, can obtain informnviou .which will facilitate the object of their <leeirct. "
101,101,1856-01-10-seq-1.txt,"fears' absence, the good old in had sent ?is servants into the woods to gather young - ^ hums for forming hedges, and while occupying "
102,102,1861-10-04-seq-2.txt,points referred to in it. Very respectfully your obedient servant. [Signed] 
103,103,1861-10-04-seq-2.txt,"prisoners cannot get a pitcher of water with out ^guard being Bent with their servants; ! their mail is taken posression of, and theii "
104,104,1851-08-29-seq-2.txt,"House is their favorite, and it is the best in the city. All the servants are free negroes, (about 250 in number,) and are polite "
105,105,1861-02-01-seq-2.txt,"- ? i Willy ?.11, IVl j ICSJIUCUUIiy, JUUI' obedient servant, IIenry It. Jackson, "
106,106,1861-02-01-seq-2.txt,". 1 have Iho honor to bo, very respectfully, your obedient servant, J. C. Josf.s, "
107,107,1857-02-19-seq-1.txt,"proceeding from the pig-?1y, aroused the house, and the host, his wife, and the servants, at once ran to the spot. It was theij "
108,108,1865-11-10-seq-2.txt,"mastqis. Contracts between master and servants for more than one week, shall bo in writing "
109,109,1865-11-10-seq-2.txt,"a valid contract for one year's labor or service. Contracts between masters and servant may be set aside for fraud or unfairness, "
110,110,1865-11-10-seq-2.txt,notwithstanding they hiivo been approved. Contracts between masters and servants Mian vc presented Tor approval willtin 
111,111,1865-11-10-seq-2.txt,"Contracts shall not bo binding on the servant, unless they arc in writing, and have lieen presented for approval within the time "
112,112,1865-11-10-seq-2.txt,"For n contract of one month or Ies?, for each servant, $00.50 cent*. For a contract not exceeding three "
113,113,1865-11-10-seq-2.txt,"months ami more than one month, for each servant, $1.00. For a contract not exceeding six tnoii'*is "
114,114,1865-11-10-seq-2.txt,"For a conlrnct of one year or any time more than six mouth*, for each servant, *3.00: "
115,115,1865-11-10-seq-2.txt,"fi?r eacli year or pa t of n \ car over uti? year, for each servant, ?3.00 Three?fourths of which foes shalhbe paid "
116,116,1857-04-02-seq-4.txt,"mistress, who was a very splendid dresser for the opera; my only Mlow-servant was j on leave of absence for some days ; and ex "
118,118,1859-08-25-seq-1.txt,my faculties. My friends called?no aJ? ! mission. My servants brought dinner? ' iii a i.uwoti. The ja.lor fumbled at tho . 
119,119,1858-03-04-seq-1.txt,"movement. Hinging the hell lie inquire , jof the servant: M Is Charles -at home V "
120,120,1859-04-14-seq-3.txt,"! ami has never hccii out of order. My w ife, lias most fa I no dittieuhy in instructing a servant in I ho use Also i of il. 1 :imi fully persuaded that no invention thai is "
121,121,1859-02-17-seq-1.txt,"n geration, that he found it neccssary to in- t I struct his servant to jog him, whenever he ^ w drew the long bow too freely. One day , "
122,122,1857-03-05-seq-2.txt,"ears, oil our way to the city, lie stated tin his servant, who that rode with him to tli* dt depot, was so far gone with dropsy, thu "
123,123,1857-03-05-seq-2.txt,"of his itjjm hurstod. Oil his wiiv to i lie lioa with his servant, lie wus met by a negro mm who, having ascertained tho coinliti.ni of th "
124,124,1857-03-05-seq-2.txt,"negro, gave the mantel* the receipC which ertei n Lually cuied the servant; since which time li il has relieve.1 another n(reeled in the mime wu; "
125,125,1855-07-12-seq-2.txt,"uulucky blue shirt was brewing for him, expecting every moment a servant to appear t with the ordered refreshments, and at length, "
126,126,1855-07-12-seq-2.txt,"nevertheless quite useful, and therefore defensible. Tho servants at this stage of the entertainment handed to the guests, what "
127,127,1861-01-18-seq-2.txt,our feDnB^itonolTalinto L ? wSh ^respect yoj&r obedletit- servant. I * PpcstffeDtrof ibe-jUuieetT States. JS> 
128,128,1861-01-18-seq-2.txt,"1 have the honor to.be vciy respectfully your obedient servant, AUG. M. SMITH, "
129,129,1858-05-06-seq-2.txt,"With the highest refpi'ct, Your obedient, servant, JOIIN A. WASHINGTON. "
130,130,1856-04-03-seq-2.txt,"don Times with the action of the^e wretch| ed ""servants of her Majesty,"" wc could al i most ?\\pecl to sec them liiitish editors yet; "
131,131,1856-08-07-seq-1.txt,"1 in litis iiui*'liboiliOod, assures lis thai their servant* arc much licalthi jr here than ihey were at the South and are capable of performing1 "
132,132,1859-05-26-seq-4.txt,never heeii out of order. My wife has n||<j j ii II y in instructing a servant in the use . am fully persuaded that no invention 
133,133,1859-05-19-seq-4.txt,"aii.l lias never liffli out of nrilcr. My wifts lia.? no ""lilli-ult v in inst rwting a servant in t! <> ihc of it. I am fully p<-r?iinili'(l tliat no iuvi'iitiou "
134,134,1857-03-19-seq-3.txt,soon up doors are open. Whole tickets $5.00 ; 1 children and servants half price. The best order ? and decorum preserved. 
135,135,1856-04-17-seq-1.txt,sense ; their dawning intellect incessantly j |j calls for the action of their observant pow- j ^ ers. This is the great law of Nature.? ' 
136,136,1856-11-27-seq-3.txt,"jrnv ?*'fty you may think proper, if it will bene fit tlw AJllicted. Your obedient servant, JOSEPH ROIHXSOX. } "
137,137,1857-09-03-seq-4.txt,""" llrutincnstubc."" J lore the hoists are Mi ( in charge of lliu servants : seiilinds are .sla I ... * "
138,138,1859-01-13-seq-1.txt,"Iks shaved,*' said one to the other, who as- j Rented?""and I will dispatch a servant for a harliar,''a resolution which he putTninie"" "
140,140,1857-01-29-seq-2.txt,"?i<>c* ' tHk i jiw my equal ; if poor, lie must be my servant Not so with Governor Wise. No while "
141,141,1857-01-29-seq-2.txt,"cold. Sir. Jamkh Sutton, of Hanover Co., Van lost a valuable servant, in a snow storm, while attempting to puss from the kitchen to his "
142,142,1857-01-29-seq-2.txt,| soon iin doors me open. Whole tickets ?5.00 ; I I children and servants half I?* ?' ? jl. ub uc9i wrutr 
143,143,1851-05-17-seq-2.txt,">r I am, gentlemen, ^rith great respect your ol ie dient and humble servant, r- i . . ARMISTEAD BUBT "
144,144,1863-08-07-seq-1.txt,"and t#x the interest under Sec. 8. Vt ^ re?pectlully, vour nhediant servant, 'THOMPSON ALLAN, "
145,145,1863-08-07-seq-1.txt,"And t's; c.-i dly in your f.tinilv, he a christian. Let. your cuddrt-n and servant* f'iM/1 the hallowing grace of your christian "
146,146,1863-08-07-seq-1.txt,"al A dying West India plnnter groaning [je his favorite nefjro servant, sigliea out: ""j aL | S anho, I am going a long, long journe "
147,147,1859-04-28-seq-3.txt,and haB never heen out of Order. My wife has uo difficulty in instructing a servant in the ti'a ? of it. I am fully perpunded that no invention 
148,148,1856-05-29-seq-1.txt,"marked upon his brow, and doomed to be i the servant of servants forever. Mr. President, it is a truth that nature, J "
149,149,1856-05-29-seq-1.txt,"c.ept that of the providence of God, written j by his servants, marking it out as the vie- j tim upon which the nations of the earth 1 "
150,150,1856-05-29-seq-1.txt,"ever}* day, dutifully attended by three bun- ' died servants. The apartments of their, equine highnesses are nt once splendid and | "
151,151,1856-05-29-seq-1.txt,bill for twenty-five years; another wealthy man had paid his servants no wages for twelve years; and we have seen here young 
152,152,1851-04-19-seq-4.txt,"sent to us for publication. It was written by n servant belonging to a gentleman who recently moved from this District, to a ne^ro "
153,153,1851-04-19-seq-4.txt,"shull bo supplied with tho host the market affords. His servants arc attentive, honest dnd careful; his beds cleau, neat aud coinfortuVle. All that "
154,154,1857-02-26-seq-2.txt,"exertions. Not the leant'affecting -part, of this scent', was the niintijor of servants | who came crowdhiif in, by'permission, to "
155,155,1857-02-26-seq-2.txt,"lieli examples of viiluifimd womanly hfc.-^v^' i If tin y rear children, servants and nurses d<J .MM ( iL all, save to conceive and give thein hnthy*M^Sj|jv. "
156,156,1857-01-22-seq-1.txt,"death, leaving the day of his decease blank, J itiui iiiHruuiivi? w ms servant to till up ^ the vacant space with tbe date, the moment "
157,157,1857-09-17-seq-2.txt,"j hulj 111 regard to tlte s'uve trade. Very respectfully, your obedient servant, August 31, 1857. JOHN TV LEU. "
158,158,1854-02-02-seq-2.txt,"l\%}g heart. J ij| itli respect to your servants, teach them ' tA Ispect and love you, while you expf/.t "
159,159,1854-02-02-seq-2.txt,"irowr l#t vnnr rlnor Via o!. of suffering human! ty^ffipur servant particular, will have jSfc strongest < "
160,160,1857-03-26-seq-3.txt,kooii as doors nro opeu. Whole tickets S.'i.OD ; children and servant* half price. Tim bent order uni} drpgnjiu preserved. 
161,161,1857-04-23-seq-1.txt,"passions, evil and good?all arc indifferent to the unhcedinir oyster. Unobservant even of what passes in ils immediate vicinity, it3 "
162,162,1859-01-06-seq-4.txt,eye. 5.* Washing tho servant of Caia the hich-nriest. and niiLiimr r?nm> ?... 
163,163,1856-05-08-seq-1.txt,"Poker! She's mad?mad as a March haro? (aloud) No, my servant has charge of that department, and it never struck mo that lie "
164,164,1856-01-10-seq-2.txt,"enchanting Miss E., of Charleston, much - admired by your very humble servant, for a style of beauty peculiar to herself. There "
165,165,1856-01-10-seq-2.txt,""" y I lie t master and servant ? If Abolitionists could ;|K to-day succeed in destroying this relation, ""I'h "
166,166,1856-01-10-seq-2.txt,"i misery. They have agree 1 to pay tin ner $1,200, for the b/fci of his servant.? ie perpetrators of this dreadful act wer? "
167,167,1858-03-18-seq-1.txt,">wn country, journeyed to London to better ior fortune, and become a servant to a newer. While she was in this humble "
168,168,1865-10-12-seq-1.txt,"1 nm, sir, very respectfully, * Your obedient servant. * M. fr'r PfclASASW, "
169,169,1865-10-12-seq-1.txt,"Combined with the above ha has opened ax Intelligence Ottioe where servants wishing t< hire servants,- oan obtain Information whicl "
171,171,1859-07-14-seq-1.txt,served that the weather was too bad to send a servant out with them. Mr. Lear perceived 4hat snow was hanging from 
172,172,1859-07-14-seq-1.txt,"awoko Mrs. Washington, who would havo i risen to call a servant, but ho would no1 | permit her, lest she should take cold. At "
173,173,1859-07-14-seq-1.txt,"| permit her, lest she should take cold. At daybrake, when the servant woman entored ! to make a fire, she was sent to call Mr. "
174,174,1859-07-14-seq-1.txt,"find iu"" His servant, Christopher, had been in the room during the day, and almost the whole "
175,175,1856-07-17-seq-1.txt,"fciT "" IIow do I look, I'ompy ?"" as a young dandy of his servant, as he ished dressing. ""Eligant, massa ; you 1 "
176,176,1861-01-11-seq-2.txt,"] Wo have the lioiioi to be, very respectfully, ! you?''chidient servant?, j it. \v. uarnwkll, ) "
177,177,1857-03-05-seq-1.txt,"One day, *,'hile Hrfleigh was coinplacenty smoking his ^ipo in his study, a servant utei;ed \\itU n^ug of ale, who was not "
178,178,1855-07-12-seq-3.txt,"fitted up in tho most modern style. His ronnis nro largo and well ventilated. His servants arc >j< attoutiro#nnd obedient, His Table will always "
179,179,1857-06-11-seq-4.txt,"him were gloom)' and silent. He even rebuked his servant for shedding tears.? Having breakfasted, he dressed himself "
180,180,1858-02-04-seq-3.txt,"double width Iloston FliinneU; heavy red Finnncls for servants; a largo supply of ladies Cor 1 setts, andtCruvclli Skirts, of tlio most approved ? "
181,181,1859-06-09-seq-2.txt,"Aui:t ioiiei-r, of tile Kstate of .1. K. FosTKU, a lie- stnlili L'l'o woman ""t'l years of aire, a liuiise servant ami m\ I'1 iliri'i-i liil hi'ii, sitfi-il from >i inniit'is to (i veais, was i "
182,182,1859-06-09-seq-2.txt,"Yet ho hail not, before this, refused to curlier to his own room, though a servant was 1 antly at haml to wait upon him. 1 "
183,183,1859-06-09-seq-2.txt,"singular that those men who, in tho mocking of humility, call themselves public servants, always claim wliul (hey want for the present us pay for "
184,184,1859-03-17-seq-4.txt,"One, would also very naturally suppose t men engaged in it as being the servants Satan, if not actual fiends in human shaj "
185,185,1863-08-28-seq-2.txt,"Br. Cabani-s. sin ?>1?1 ciiz<;n, lutd icft ni'l irti-t voitisy servant, witii a li ^r.ind child, i?? t ik<! caro of ilic hnisc i "
186,186,1856-09-18-seq-1.txt,"rise early, wait and tend all the day, and be a servant to the whole establishment: lever mind, "" tough it through,"" be faithful "
187,187,1861-04-26-seq-1.txt,"place, idim, to bare lott your bearing at, naii} aq old servant to wbbtn aba VM rpla? f!h/v liaa '* ' .< "
188,188,1856-08-14-seq-1.txt,"people who poked their hoads u:r li : winders, and the servants wht >?.! their brooms all seemed to say, :u; v ii, "
189,189,1861-06-14-seq-1.txt,"^ zlingly bright, lie brought with him to 1 I Baden badeh a long train of servants and ' ! carriages, and an immense sum i>f monev, "
190,190,1861-06-14-seq-1.txt,"The Prince blew a little stiver whistle and ordered the servant *ho answered the sum mods, to bring cards, six bottles of Rhine "
191,191,1865-12-01-seq-2.txt,"r Carolina and Georgia. 1 am, Geueial, very respectfully, your obedient-servant, C. II. IlOWAltD. "
192,192,1857-02-12-seq-3.txt,"kmoii us doors arc open. Whole tickets ?."">.011 ; children and servants half price. The Lest order uud decorum preserved. "
193,193,1857-04-23-seq-4.txt,"should be of one dead level, and there should be no servant to obey a master,?no children to obey a parent,?no wife to be subordinate "
194,194,1857-05-21-seq-4.txt,"(accurately drawn out) tlio sons of f military ofllccrs and other State servants have the first claim to admission, and to the "
195,195,1859-02-24-seq-1.txt,"he said. lie listened as Anna stepped ink the hall, and the servant opened the stree door. Could it be, he heard her cal "
196,196,1859-09-15-seq-4.txt,C A lady thus addressed her servant in ? the presence of a fa-diionablo parly :? l< 
197,197,1856-08-21-seq-1.txt,"and a bonnet someVvhere elso?trusting to a servant to set tilings to rights. No matter bow many servants you have, it is a "
199,199,1856-08-21-seq-1.txt,"them again. Or if you set an example of fjarelessnesa, do not blame your servants&r following it. Children should be taught to "
200,200,1851-04-19-seq-3.txt,Faro going and returning in steamer $200 Cratuities to servants on steamer 5 Railroad fare to London and back 14 
201,201,1861-07-26-seq-1.txt,"be, Very respectfully, your obedient servant MAXCY GREGG, "
202,202,1865-11-17-seq-4.txt,"Intelligence .Office where persons wishiog to nlre servants, can obtain information which %ill facilitate the objaet of their desires. "
203,203,1851-04-26-seq-1.txt,"hosougl.t comfort at a neighboring tavern,where ihe servant of the liouae at which ho lodged wont to fetch him one evening, after "
204,204,1851-04-26-seq-1.txt,"under which ho labored. Ho followed the servant as steadily as ho coiriif, and was ushered in silence into a noblo mansion, "
205,205,1860-01-12-seq-1.txt,"! house, about the time ho was known to sit down to dinner, and tells the servant that : # t "
206,206,1860-01-12-seq-1.txt,", that he could save him ? thousand pounds. Sir,' said the servant to his master, ' here I is a man in a great hurry wjshing to speak "
207,207,1865-11-10-seq-3.txt,"Intelligence OBice where persons wishing to hire servants, can obtuin in formation which I will facilitate the object of their desires. "
208,208,1857-01-08-seq-2.txt,"had, on account of tlie negligence of the J stewards and servants, and the sick man is j [ left to burn and parch with heat and thirsl. I "
209,209,1857-06-18-seq-1.txt,"state, cittizens, and foreigners, with many servants and dependants of every sort, had been instantly scizod with a panic; and as "
210,210,1863-07-31-seq-2.txt,The gc.u'est apprehensions of tha Gov-?.' ernor are that the'Irish servant girls will turn incendiaries in. a body it the law is 
211,211,1856-07-24-seq-2.txt,"judgment. I have the honor to have been your servant, and am respectfully your fellow-citizen. "
212,212,1861-07-19-seq-1.txt,"to manifest to the lordly owner's eyes, lie was pleaded, and visited hia servant's cot oimi 111 mo garden, when iinor "
213,213,1859-03-24-seq-4.txt,"There was silence nmong her majesty'i servants for a moment; but finally, oue o them, more muddled lliau the rest, man "
214,214,1857-06-18-seq-4.txt,"An Irish gentleman, parting with a lazy servant-woman, was asked, with respect to her industry, whether alio was wliat in "
215,215,1856-02-07-seq-1.txt,"I God, cowardly sneak off, and like unprofitands l?le servants, basely surrender this guardianship, becauso vain, self-righteous intermedin. "
216,216,1856-08-28-seq-1.txt,"different from my own sweet home. The servant took me up stairs to change my j dress; she looked at mo very hard, and j "
217,217,1856-09-04-seq-2.txt,"retreat to the bed-room. The poor servants feel the effects of the headache as much as any one, and do not "
218,218,1856-11-27-seq-2.txt,"honor to bo, most respectfully, your obedi- f cnt servant, 1 F. W. PICKENS. i "
219,219,1859-04-21-seq-1.txt,"\f lit by the servant, who received a quarter for his service^. Jeems was the last in bed, "
220,220,1858-05-27-seq-2.txt,"I mil, jjetillemsn, vrr}- rospeolfully Your obedient servant, M. I,. HOM1AM. "
221,221,1859-07-07-seq-1.txt,"| their native land. Judging from their i manner of travelling, the number of servants thov had and their general appearance "
222,222,1859-07-07-seq-1.txt,"set no rich examples of virtue and woman"" Iv life. If they rear children, servants ahd nurses do all, save to give them bru!v.? "
223,223,1857-07-02-seq-1.txt,evening of that day a single officer accompanied bya native servant passed out of Rivas and'went down to San Juan del Sur.? 
225,225,1857-08-27-seq-1.txt,"his father-in-law, residing at Townshend, in this county, bringing a household servant, a slave with him. On his arrival in New "
226,226,1860-02-09-seq-3.txt,"rt coiit.-nis, a careful ami attentive perusal. I iiii/> 1 respectfully, your obedient servant, ' "" 1 i. UDOLI'HO WOLFE, i "
227,227,1850-06-01-seq-2.txt,"g.jod eating, clean beds and aiiy rooms, at- ; V~ tentlve servants, an aiFable and obliging Iand?;r^;. | ResolveThat ""tf/o- Constitution "
228,228,1856-11-06-seq-1.txt,"1 sides. Very polite persons are sometimes ' seen bowing in their course to blaok servant girls and block stumps, < . "
229,229,1856-11-06-seq-1.txt,Spain. In England the Anglo-Saxon nobility sold their servants as slaves to foreigners. The Portuguese first imported 
230,230,1859-11-10-seq-1.txt,"a waste of weeds, is to belveve that he, (.?, is a servant, and a servant not of beauty nl grace and joy, but of mockery and "
231,231,1859-03-31-seq-3.txt,ami Iihb never been out of order. My wife no difficulty in instructilit; a servant in the of it. 1 urn fully |H'i>un<letl that no inve 
232,232,1851-08-08-seq-3.txt,"jfivo satisfaction, 1 have the pleasure to subscribe myself, Your ob't servant, Cokesbury. \V. McCANTS. "
233,233,1858-04-22-seq-3.txt,"1 also have a lir*4. rale man Conk, ami -House servant, who I won hi either sell or hire oil reasonable terms. I'or further particulars apply "
234,234,1857-11-12-seq-1.txt,"mysterious manner, and had not as yet v heard of. The servants were question- g iut they could give no account of their "
235,235,1857-11-26-seq-3.txt,""" - Rouble wiilb Boston Flannels; lienv}' red Flnna nels for servants; a lurgc supply of Indies Cor ?ett? ?u<l CruveUi""Skin*, of the most upprov'cd "
236,236,1858-01-14-seq-3.txt,"ifmihlit'Vidlll RntfiVu linnvv rnil PIg nels for servants; a- lorgi^enppjy, of ladies 0 gett*. an?VCruy^Ui Skirls, of the pioat npprov "
237,237,1856-01-24-seq-1.txt,probably would!have.di<||^ad it.out been for the ingenuity of the servant-girl. She took the coffee mill into hermittfqft chamber 
238,238,1856-06-26-seq-1.txt,"OnHftfeals we sat down to a table on which tl? *a&iblee were placed, with a servant bc^d us to administer to our wants ;-Lrfit "
239,239,1856-06-26-seq-1.txt,"held out to me with both hands, aud strove to disengage it from the servant. "" Now came a scene?the servant backed "
240,240,1856-06-26-seq-1.txt,"to disengage it from the servant. "" Now came a scene?the servant backed I forwarded, shook the waiter, until the "
241,241,1856-06-26-seq-1.txt,"had been directed to the water, now I looked up in the servant's face; it was in a broad grin, ivory all exposed, as he said, ; "
242,242,1856-06-26-seq-1.txt,worse than anv criminal. But my trials ha?l nut yet ended?the infernal servant again approached me ; again I was at 
243,243,1856-06-26-seq-1.txt,"moment these words conveyed no mean- j ing to my mind, as the servant was just i then making a communication to ine of j "
244,244,1856-06-26-seq-1.txt,"likewise helped themsoles to empty plates. 1 Briskly on the heels of the first servant | came another, whoso waiter was covered i "
245,245,1856-06-26-seq-1.txt,"- 1? ? ? uier lonvani, I upset the servant with the tea serviee, sent plates spinning in every "
246,246,1856-06-26-seq-1.txt,"I have the honor to be, sir, your obedient servant, j J. RANDOLPH CLAY. "
247,247,1861-02-01-seq-4.txt,"With assurances of high consideration TI and respect, your obedient servant, O C. G. MEMMINGER. "
248,248,1859-09-22-seq-2.txt,"lis family were ace >iiipituied hy a likely negro ;irl in tin- capacity of a servant, and her pic enei' anions (Iik '""shrivker^,"" of cmnse e.xcitcd "
249,249,1859-04-14-seq-1.txt,"old, a dog howling under the gato, a cat in/ the alloy, a colored servant at a shanty over the way, n toothache, and a pig trying to? "
250,250,1861-04-05-seq-2.txt,"well-being and comfort of those committed to his care. As a master, his servants were well cared for; indulgence and kindness werj "
251,251,1861-04-05-seq-2.txt,"allwise God. 11 is companion, children and servants have lost a worthy and safe guide, the community "
252,252,1856-07-31-seq-2.txt,"arrival at tlio llotel in Philadelphia he registered his name Vicks and servant.? 1 Soon after, the Abolitionists appeared and i "
253,253,1858-02-18-seq-3.txt,"utible width liostoii Flannels; heavy red Flani-ls for servants; a large supply of Indies Cor tts, and Cruvelli Skirts, of the most approved "
254,254,1857-10-22-seq-4.txt,"2,000 pair Negro Prolans. Wi 1,000 tlousc servant's Shoes. has Together with nil other .kind* of Shoes usually see "
255,255,1856-08-28-seq-2.txt,"a room was procured at the St. Nich oins. including servants, tiio population of tliis hotel exceeded that of both the "
256,256,1859-03-24-seq-3.txt,anil s never heeii out of order. My wife ha no ditlicultv in iustrucliti|r a servant in the usi nf it. I am inlly pcmiaileil that no iiiventiot 
257,257,1859-01-13-seq-4.txt,"! Me ""n the < ; | <;.-ite .side of the alley. Tlie j ' [servant i;i: I then i;;f>-jm*d Mr. Mcfirew of i 1 what l:ad happened, arid that geiithmariti f "
258,258,1859-01-13-seq-4.txt,"r t!ie public properly, and a lirems id no other domestic servants. The < utivo oflh'C is in the Executive mansii "
259,259,1859-01-13-seq-4.txt,"10 messengers and a porter. For all i estie servants, however, except stewt id fireman, the President must pay out "
260,260,1859-01-13-seq-4.txt,"s own pocket. He must pay for his tal i rants, his female servants, his coachm id grooms, <fcc.. <fcc., as any person dt "
261,261,1859-01-13-seq-4.txt,">n, any gentleman who keeps eighteen oro servants of both sexes, who keeps iible fill cm! with horses, as does Mr. lb "
263,263,1859-05-19-seq-1.txt,"eld between the thumb and forefinger < is servant, at the distance of fourtee ficea. He al6? struck in the center a ha "
264,264,1859-03-17-seq-3.txt,11< 1 has never hceli out of order. My wife ha * n dillieult\ in msiiMieiiug a servant in the list 1 it I am 111! 1 y persuaded that no invention 
265,265,1858-03-04-seq-4.txt,"Apology Makitu/.?Dr. Franklin, we are told, once had a servant who was never in the wrong. At last the devices to which "
266,266,1858-03-04-seq-4.txt,the wrong. At last the devices to which the servant resorted to cover up his deficiencies became too much for the philosopher. 
267,267,1859-12-01-seq-1.txt,"coats of mail, the warrior heroes ol Franco, lls there was a servant of mankind making a cr noise in Ihistol, which was of infinitely "
268,268,1856-06-19-seq-2.txt,"New Yexr'a eve. Precisely ?t 12 o'clock a servant is stationed at the front door of the house, and the first gentleman who passes "
269,269,1857-04-02-seq-2.txt,"Pitt agreed to do so, and the company descended to the Court yard. A servant "" held the mastiff by a chain. Pilt knelt "
270,270,1857-06-25-seq-1.txt,"and unwilling to expose to eyes already 100 observant, the change that had come over her feelings. "
271,271,1857-06-25-seq-1.txt,""" JT ? Jd are you, Bridget lw m ntlppiap f> hi? servant girl. y, sir,"" replied Brid^fiJ. ! You are mitten, "
272,272,1857-04-09-seq-3.txt,soon an iloors ure open. Whole tickets ?. children and servants half price. The bust and dccorutn preserved. 
273,273,1856-05-22-seq-2.txt,"wns his delight to study it himself, and rend it to * the servants and younger tnentbeniof the household. The bereaved parents have the heart-felt "
274,274,1857-03-26-seq-2.txt,", relatives i?f the otl>-ii""lcr. The consequence ! is that tiearlv all tin; Chinese servant* have left or ate le.i\ ing. "
275,275,1857-09-10-seq-1.txt,"to the landlord's surprise, in a few minutes sent one of his servants to inquire-which of iho forks-of the road to take. Mr. Randolph "
276,276,1850-06-01-seq-4.txt,"they shall be a matter of clouded economy to those who may place their servants midor our care, as none will b.* received whose cases are beyond the "
277,277,1857-09-24-seq-4.txt,arms dying. A brief and hurried wor< from the servant told me the sad story.? Tho little girl had accompanied a chili 
278,278,1857-09-24-seq-4.txt,"very sternly, almost without opening teetli, to the servant. u What do you want of it!"" M "
279,279,1861-07-12-seq-3.txt,"wife, indulgent and affectionate as a mother, kind to her servants nml by tliem much res Eectcd. She win a consistent (number of the "
280,280,1865-11-24-seq-4.txt,"that because tfiis^s bo. There they, as 1 aid before, are white, servant*, and thej tilj the land, feed the stock, and do othei "
281,281,1859-08-18-seq-1.txt,"well stocked cstancia."" ""And yet he is here as a servant?""?"" Yes ; he was guilty of tliu ungallant set of whipping a woman, "
282,282,1859-08-18-seq-1.txt,"and the 1'resident has degraded him to be a servant at the iron works, llo will at least liberate himself only by paying a "
283,283,1858-04-01-seq-1.txt,"discharge of their daily duties ; and whilst n all wish the faithful public servant to be A properly recompensed, we may, at the same st "
284,284,1854-02-02-seq-3.txt,".. .. V..C.H ^ctiuw juncy negroes, nnd one >n nnd child; she is a well qualified servant House nx a Sea mat rose, and n good cook, "
285,285,1854-02-02-seq-3.txt,of extra size and heavy; a large supply oflteav ]?_ woolen shawls/for servant*; superior weleh an tf gauze flannels; superior Knglish colored flannel 
286,286,1863-06-05-seq-1.txt,and the prees. and the right of assembling to discusa tiie acts ol their public .servants; that the day hasariived when public servants 
288,288,1860-11-09-seq-2.txt,"membi-r, and this lodge is called to iiourii orcr a faithful servant, who by a life of ntegrity anil uprightness, nnd by a full deve "
289,289,1857-08-20-seq-1.txt,"and his mother. It was plain that another hand busides tlie servant's had been there. Ida poured tho tea, and lid ward "
290,290,1857-07-16-seq-1.txt,"height of a thousand feet above tho sea, so, unconscious and observant, these people an glide softly from youth to manhood, from "
291,291,1854-11-23-seq-3.txt,_ hi ii f:>r saritit'rtl operation* or t.tvatm -it'. .M lit.Ts* may he asnnrc-1 tliat their servants' ill have eve.y nec.-ssary attention. 
292,292,1857-10-08-seq-2.txt,"am, sir, very respectfully, Your obedient servant, T. J. MACKEY. "
293,293,1857-09-03-seq-2.txt,"lid .stripes, li? received u wound, and wan borne i ill' tin- field liy Ijjiael, a negro .servant. ? !"" < ; >1 \n-ii m.i.. It is a eiuiimeinlnblo npiril that ! "
294,294,1857-09-03-seq-2.txt,"imt only of ln> services a> our airent nit his < diameter as a man. Votir obedient servant, i>. I?. A'l'l'II l>O.N. "
295,295,1861-03-15-seq-2.txt,"have the Uuoor to be, very respectfully, * vuuutvub servant, n JOSEPH E. DROWN. J "
296,296,1856-06-26-seq-2.txt,"1 have the honor to bo Your friend and servant, p. s. mtooK.s. "
297,297,1854-01-12-seq-3.txt,"1,1 of extra size and heavy; a large supply of heavy )0 < woolen shawls, for servants; superior welchmid t_ t irnu/.eHaiiiiels; superior Kuglish colored flannels, "
298,298,1861-03-22-seq-1.txt,"The Printer.?Punch says How nice 1 is this being s Printer 1 A public servant, i and withal a servant of the devil. A good ' "
300,300,1857-09-10-seq-2.txt,"kept up?taking his wife, and afterward his family, with him. Among the servants inherited hv Ins lady, was a sensible and pious old woman, "
301,301,1857-02-05-seq-3.txt,soon us dooi'K hre open. Whole tickets ^fi.OO ; children utid servants liulf price. The best order und decorum preserved. 
302,302,1860-11-09-seq-3.txt,They art- so simple atul complete in workmanship that an ordinary servant can manage them after once showing: and are LMiaranlecil 
303,303,1859-09-29-seq-1.txt,"It was repeated very often. All our servants, my friends, my neighbors, and even tho police, heard the same cry, always "
304,304,1859-09-29-seq-1.txt,"I camo home, and was asking my motherland servants if they had heard anything, it suddenly burst forth as if in the midst "
305,305,1859-09-29-seq-1.txt,"lie, like all Paris, was awarc'of tho stoiv; but lie was so horrified that his servants lifted him into liis carriage more dead tlian "
306,306,1859-09-29-seq-1.txt,it fashion?and we find from the bridegroom's 111- note-book that the servants and fidlers relic eeived fees from his especial pocket. 11 
307,307,1859-09-29-seq-1.txt,"IC_ them?or rather, there was no reception at Len all. The fires wero all out, the servants os"" had all gone to bed, and tho place was "
308,308,1859-09-29-seq-1.txt,"right hand of God, waiting to welcome1 servant into gJoJ'v. There is dew in one tlower and not tor "
309,309,1865-11-24-seq-2.txt,"rights, and to prescribe the duties of nias?ter and servant in such terms lhat ""he that rilrva mVin - 1 T) r^i "
310,310,1857-02-26-seq-1.txt,"gentlemen ring at their own bolted doors. liy many cases the servant girls will not go t<Ml>e door at all, but men nre employed ; "
311,311,1858-05-13-seq-2.txt,"of his neighbors and e<[iiais. The established custom is to speak gently to servants : and so much of the intercourse ""f llic people i? with "
312,312,1858-05-13-seq-2.txt,"much of the intercourse ""f llic people i? with their servants, that this has created throughout society a softness of manner and trine, which, in "
313,313,1858-05-13-seq-2.txt,"lina again mourns one of her purcbt and mos faithful public servants. Of Senator livens. in a few words, the best o "
314,314,1857-08-27-seq-4.txt,"nan, nt a tetel, perceiviftg tbji the dining room servant, a uegro^ witi bestowing his attentions efB&wbere, to hii "
315,315,1857-08-27-seq-4.txt,"iip? in- tills ?ise:-r"" Johi^, I tmve servants at homo, and ail vaitod on as i^gentierasn should be. JUm "
316,316,1856-07-03-seq-2.txt,"I have tho honor to ho, respectfully, Your obliged servant, ^ P. S. 1J ROOKS. "
317,317,1857-04-30-seq-2.txt,"this time, and the pigeons belonging to it had r been removed, hut the servants of the house c were struck with the appearance and motions of < "
318,318,1853-11-03-seq-1.txt,"""Who did you say is waiting for roei"" -ai<l Madame M to her servant, ""lain dready worn out with company."" "
319,319,1858-01-07-seq-3.txt,"doubt# width. ftoston .Fi nel.s.fcr servants; a Inrfeo ( nettf, and Cruvelli Skirts, "
320,320,1856-11-27-seq-1.txt,"i . ' "" m ?? fhe servant Of a Prussian officer one day met k crony, who inquired of liim bow lid "
321,321,1856-11-27-seq-1.txt,"goi ?k?g with liis Aeffy i^fWter. MOb, excellent,"" aQftwered the servant; u we Jive on T?ry friendly term# ; every morning we beat "
322,322,1859-07-14-seq-4.txt,"ilunit to accompany I"" somes of thu local i ir:>U?era?-v to dinner. Tins female servant ' ?f 111r? house lia?l entered the. hed chamber | "
323,323,1861-03-01-seq-1.txt,"A gentleman dining at a hotel where servants were few aqd far between, dispatched a lad pipong them fof a cut of beef. "
